nextflow_id,sample_ref,adapter_seq,lane,batch
001-1_TTACCGAC-CGTATTCG_L002,001-1,TTACCGAC-CGTATTCG,L002,first-batch
001-1_TTACCGAC-CGTATTCG_L003,001-1,TTACCGAC-CGTATTCG,L003,first-batch
001-1_TTACCGAC-CGTATTCG_L004,001-1,TTACCGAC-CGTATTCG,L004,first-batch
002-2_TCGTCTGA-TCAAGGAC_L002,002-2,TCGTCTGA-TCAAGGAC,L002,first-batch
002-2_TCGTCTGA-TCAAGGAC_L003,002-2,TCGTCTGA-TCAAGGAC,L003,first-batch
002-2_TCGTCTGA-TCAAGGAC_L004,002-2,TCGTCTGA-TCAAGGAC,L004,first-batch
003-3_TTCCAGGT-AAGCACTG_L002,003-3,TTCCAGGT-AAGCACTG,L002,first-batch
003-3_TTCCAGGT-AAGCACTG_L003,003-3,TTCCAGGT-AAGCACTG,L003,first-batch
003-3_TTCCAGGT-AAGCACTG_L004,003-3,TTCCAGGT-AAGCACTG,L004,first-batch
004-4_TACGGTCT-GCAATGGA_L002,004-4,TACGGTCT-GCAATGGA,L002,first-batch
004-4_TACGGTCT-GCAATGGA_L003,004-4,TACGGTCT-GCAATGGA,L003,first-batch
004-4_TACGGTCT-GCAATGGA_L004,004-4,TACGGTCT-GCAATGGA,L004,first-batch
005-5_AAGACCGT-CAATCGAC_L002,005-5,AAGACCGT-CAATCGAC,L002,first-batch
005-5_AAGACCGT-CAATCGAC_L003,005-5,AAGACCGT-CAATCGAC,L003,first-batch
005-5_AAGACCGT-CAATCGAC_L004,005-5,AAGACCGT-CAATCGAC,L004,first-batch
006-6_CAGGTTCA-GGCGTTAT_L002,006-6,CAGGTTCA-GGCGTTAT,L002,first-batch
006-6_CAGGTTCA-GGCGTTAT_L003,006-6,CAGGTTCA-GGCGTTAT,L003,first-batch
006-6_CAGGTTCA-GGCGTTAT_L004,006-6,CAGGTTCA-GGCGTTAT,L004,first-batch
007-7_TAGGAGCT-GTTAAGGC_L002,007-7,TAGGAGCT-GTTAAGGC,L002,first-batch
007-7_TAGGAGCT-GTTAAGGC_L003,007-7,TAGGAGCT-GTTAAGGC,L003,first-batch
007-7_TAGGAGCT-GTTAAGGC_L004,007-7,TAGGAGCT-GTTAAGGC,L004,first-batch
008-8_TACTCCAG-CCTATACC_L002,008-8,TACTCCAG-CCTATACC,L002,first-batch
008-8_TACTCCAG-CCTATACC_L003,008-8,TACTCCAG-CCTATACC,L003,first-batch
008-8_TACTCCAG-CCTATACC_L004,008-8,TACTCCAG-CCTATACC,L004,first-batch
009-9_AGTGACCT-CTCCTAGA_L002,009-9,AGTGACCT-CTCCTAGA,L002,first-batch
009-9_AGTGACCT-CTCCTAGA_L003,009-9,AGTGACCT-CTCCTAGA,L003,first-batch
009-9_AGTGACCT-CTCCTAGA_L004,009-9,AGTGACCT-CTCCTAGA,L004,first-batch
010-10_AGCCTATC-GTTACGCA_L002,010-10,AGCCTATC-GTTACGCA,L002,first-batch
010-10_AGCCTATC-GTTACGCA_L003,010-10,AGCCTATC-GTTACGCA,L003,first-batch
010-10_AGCCTATC-GTTACGCA_L004,010-10,AGCCTATC-GTTACGCA,L004,first-batch
011-11_TCATCTCC-CTAGCAAG_L002,011-11,TCATCTCC-CTAGCAAG,L002,first-batch
011-11_TCATCTCC-CTAGCAAG_L003,011-11,TCATCTCC-CTAGCAAG,L003,first-batch
011-11_TCATCTCC-CTAGCAAG_L004,011-11,TCATCTCC-CTAGCAAG,L004,first-batch
012-12_CCAGTATC-ATCTCGCT_L002,012-12,CCAGTATC-ATCTCGCT,L002,first-batch
012-12_CCAGTATC-ATCTCGCT_L003,012-12,CCAGTATC-ATCTCGCT,L003,first-batch
012-12_CCAGTATC-ATCTCGCT_L004,012-12,CCAGTATC-ATCTCGCT,L004,first-batch
013-13_TTGCGAGA-GTGCCATA_L002,013-13,TTGCGAGA-GTGCCATA,L002,first-batch
013-13_TTGCGAGA-GTGCCATA_L003,013-13,TTGCGAGA-GTGCCATA,L003,first-batch
013-13_TTGCGAGA-GTGCCATA_L004,013-13,TTGCGAGA-GTGCCATA,L004,first-batch
014-14_GAACGAAG-GGTGATTC_L002,014-14,GAACGAAG-GGTGATTC,L002,first-batch
014-14_GAACGAAG-GGTGATTC_L003,014-14,GAACGAAG-GGTGATTC,L003,first-batch
014-14_GAACGAAG-GGTGATTC_L004,014-14,GAACGAAG-GGTGATTC,L004,first-batch
015-15_CGAATTGC-CACCTTAC_L002,015-15,CGAATTGC-CACCTTAC,L002,first-batch
015-15_CGAATTGC-CACCTTAC_L003,015-15,CGAATTGC-CACCTTAC,L003,first-batch
015-15_CGAATTGC-CACCTTAC_L004,015-15,CGAATTGC-CACCTTAC,L004,first-batch
016-16_GGAAGAGA-TTCTCTCG_L002,016-16,GGAAGAGA-TTCTCTCG,L002,first-batch
016-16_GGAAGAGA-TTCTCTCG_L003,016-16,GGAAGAGA-TTCTCTCG,L003,first-batch
016-16_GGAAGAGA-TTCTCTCG_L004,016-16,GGAAGAGA-TTCTCTCG,L004,first-batch
017-17_TCGGATTC-TAGTTGCG_L002,017-17,TCGGATTC-TAGTTGCG,L002,first-batch
017-17_TCGGATTC-TAGTTGCG_L003,017-17,TCGGATTC-TAGTTGCG,L003,first-batch
017-17_TCGGATTC-TAGTTGCG_L004,017-17,TCGGATTC-TAGTTGCG,L004,first-batch
018-18_CTGTACCA-AGTCTGTG_L002,018-18,CTGTACCA-AGTCTGTG,L002,first-batch
018-18_CTGTACCA-AGTCTGTG_L003,018-18,CTGTACCA-AGTCTGTG,L003,first-batch
018-18_CTGTACCA-AGTCTGTG_L004,018-18,CTGTACCA-AGTCTGTG,L004,first-batch
019-19_GAGAGTAC-TGCTTCCA_L002,019-19,GAGAGTAC-TGCTTCCA,L002,first-batch
019-19_GAGAGTAC-TGCTTCCA_L003,019-19,GAGAGTAC-TGCTTCCA,L003,first-batch
019-19_GAGAGTAC-TGCTTCCA_L004,019-19,GAGAGTAC-TGCTTCCA,L004,first-batch
020-20_TCTACGCA-GGCTATTG_L002,020-20,TCTACGCA-GGCTATTG,L002,first-batch
020-20_TCTACGCA-GGCTATTG_L003,020-20,TCTACGCA-GGCTATTG,L003,first-batch
020-20_TCTACGCA-GGCTATTG_L004,020-20,TCTACGCA-GGCTATTG,L004,first-batch
021-21_GCAATTCC-TGTTCGAG_L002,021-21,GCAATTCC-TGTTCGAG,L002,first-batch
021-21_GCAATTCC-TGTTCGAG_L003,021-21,GCAATTCC-TGTTCGAG,L003,first-batch
021-21_GCAATTCC-TGTTCGAG_L004,021-21,GCAATTCC-TGTTCGAG,L004,first-batch
022-22_CTCAGAAG-AACTTGCC_L002,022-22,CTCAGAAG-AACTTGCC,L002,first-batch
022-22_CTCAGAAG-AACTTGCC_L003,022-22,CTCAGAAG-AACTTGCC,L003,first-batch
022-22_CTCAGAAG-AACTTGCC_L004,022-22,CTCAGAAG-AACTTGCC,L004,first-batch
023-23_GTCCTAAG-TGGTAGCT_L002,023-23,GTCCTAAG-TGGTAGCT,L002,first-batch
023-23_GTCCTAAG-TGGTAGCT_L003,023-23,GTCCTAAG-TGGTAGCT,L003,first-batch
023-23_GTCCTAAG-TGGTAGCT_L004,023-23,GTCCTAAG-TGGTAGCT,L004,first-batch
024-24_GCGTTAGA-GTATGCTG_L002,024-24,GCGTTAGA-GTATGCTG,L002,first-batch
024-24_GCGTTAGA-GTATGCTG_L003,024-24,GCGTTAGA-GTATGCTG,L003,first-batch
024-24_GCGTTAGA-GTATGCTG_L004,024-24,GCGTTAGA-GTATGCTG,L004,first-batch
025-25_CAAGGTAC-GAGATACG_L002,025-25,CAAGGTAC-GAGATACG,L002,first-batch
025-25_CAAGGTAC-GAGATACG_L003,025-25,CAAGGTAC-GAGATACG,L003,first-batch
025-25_CAAGGTAC-GAGATACG_L004,025-25,CAAGGTAC-GAGATACG,L004,first-batch
026-26_AGACCTTG-GCACGTAA_L002,026-26,AGACCTTG-GCACGTAA,L002,first-batch
026-26_AGACCTTG-GCACGTAA_L003,026-26,AGACCTTG-GCACGTAA,L003,first-batch
026-26_AGACCTTG-GCACGTAA_L004,026-26,AGACCTTG-GCACGTAA,L004,first-batch
027-27_GTCGTTAC-GCTTAGCT_L002,027-27,GTCGTTAC-GCTTAGCT,L002,first-batch
027-27_GTCGTTAC-GCTTAGCT_L003,027-27,GTCGTTAC-GCTTAGCT,L003,first-batch
027-27_GTCGTTAC-GCTTAGCT_L004,027-27,GTCGTTAC-GCTTAGCT,L004,first-batch
028-28_GTAACCGA-GGTGTCTT_L002,028-28,GTAACCGA-GGTGTCTT,L002,first-batch
028-28_GTAACCGA-GGTGTCTT_L003,028-28,GTAACCGA-GGTGTCTT,L003,first-batch
028-28_GTAACCGA-GGTGTCTT_L004,028-28,GTAACCGA-GGTGTCTT,L004,first-batch
029-29_GAATCCGT-TGGAGTTG_L002,029-29,GAATCCGT-TGGAGTTG,L002,first-batch
029-29_GAATCCGT-TGGAGTTG_L003,029-29,GAATCCGT-TGGAGTTG,L003,first-batch
029-29_GAATCCGT-TGGAGTTG_L004,029-29,GAATCCGT-TGGAGTTG,L004,first-batch
030-30_CATGAGCA-GCAAGATC_L002,030-30,CATGAGCA-GCAAGATC,L002,first-batch
030-30_CATGAGCA-GCAAGATC_L003,030-30,CATGAGCA-GCAAGATC,L003,first-batch
030-30_CATGAGCA-GCAAGATC_L004,030-30,CATGAGCA-GCAAGATC,L004,first-batch
031-31_CTTAGGAC-CAGTGAAG_L002,031-31,CTTAGGAC-CAGTGAAG,L002,first-batch
031-31_CTTAGGAC-CAGTGAAG_L003,031-31,CTTAGGAC-CAGTGAAG,L003,first-batch
031-31_CTTAGGAC-CAGTGAAG_L004,031-31,CTTAGGAC-CAGTGAAG,L004,first-batch
032-32_ATCTGACC-AAGTCGAG_L002,032-32,ATCTGACC-AAGTCGAG,L002,first-batch
032-32_ATCTGACC-AAGTCGAG_L003,032-32,ATCTGACC-AAGTCGAG,L003,first-batch
032-32_ATCTGACC-AAGTCGAG_L004,032-32,ATCTGACC-AAGTCGAG,L004,first-batch
033-33_TCCTCATG-AGGTGTAC_L002,033-33,TCCTCATG-AGGTGTAC,L002,first-batch
033-33_TCCTCATG-AGGTGTAC_L003,033-33,TCCTCATG-AGGTGTAC,L003,first-batch
033-33_TCCTCATG-AGGTGTAC_L004,033-33,TCCTCATG-AGGTGTAC,L004,first-batch
034-35_AGGATAGC-AACCTTGG_L002,034-35,AGGATAGC-AACCTTGG,L002,first-batch
034-35_AGGATAGC-AACCTTGG_L003,034-35,AGGATAGC-AACCTTGG,L003,first-batch
034-35_AGGATAGC-AACCTTGG_L004,034-35,AGGATAGC-AACCTTGG,L004,first-batch
035-36_GGAGGAAT-AACCGTTC_L002,035-36,GGAGGAAT-AACCGTTC,L002,first-batch
035-36_GGAGGAAT-AACCGTTC_L003,035-36,GGAGGAAT-AACCGTTC,L003,first-batch
035-36_GGAGGAAT-AACCGTTC_L004,035-36,GGAGGAAT-AACCGTTC,L004,first-batch
036-37_GACGTCAT-TCAACTGG_L002,036-37,GACGTCAT-TCAACTGG,L002,first-batch
036-37_GACGTCAT-TCAACTGG_L003,036-37,GACGTCAT-TCAACTGG,L003,first-batch
036-37_GACGTCAT-TCAACTGG_L004,036-37,GACGTCAT-TCAACTGG,L004,first-batch
037-38_CCGCTTAA-ACGATGAC_L002,037-38,CCGCTTAA-ACGATGAC,L002,first-batch
037-38_CCGCTTAA-ACGATGAC_L003,037-38,CCGCTTAA-ACGATGAC,L003,first-batch
037-38_CCGCTTAA-ACGATGAC_L004,037-38,CCGCTTAA-ACGATGAC,L004,first-batch
038-39_GACGAACT-TCGCATTG_L002,038-39,GACGAACT-TCGCATTG,L002,first-batch
038-39_GACGAACT-TCGCATTG_L003,038-39,GACGAACT-TCGCATTG,L003,first-batch
038-39_GACGAACT-TCGCATTG_L004,038-39,GACGAACT-TCGCATTG,L004,first-batch
039-41_TCCACGTT-GTTCAACC_L002,039-41,TCCACGTT-GTTCAACC,L002,first-batch
039-41_TCCACGTT-GTTCAACC_L003,039-41,TCCACGTT-GTTCAACC,L003,first-batch
039-41_TCCACGTT-GTTCAACC_L004,039-41,TCCACGTT-GTTCAACC,L004,first-batch
040-42_AACCAGAG-AACCGAAG_L002,040-42,AACCAGAG-AACCGAAG,L002,first-batch
040-42_AACCAGAG-AACCGAAG_L003,040-42,AACCAGAG-AACCGAAG,L003,first-batch
040-42_AACCAGAG-AACCGAAG_L004,040-42,AACCAGAG-AACCGAAG,L004,first-batch
041-43_GTCAGTCA-TAATGCCG_L002,041-43,GTCAGTCA-TAATGCCG,L002,first-batch
041-43_GTCAGTCA-TAATGCCG_L003,041-43,GTCAGTCA-TAATGCCG,L003,first-batch
041-43_GTCAGTCA-TAATGCCG_L004,041-43,GTCAGTCA-TAATGCCG,L004,first-batch
042-44_CCTTCCAT-ATTGCGTG_L002,042-44,CCTTCCAT-ATTGCGTG,L002,first-batch
042-44_CCTTCCAT-ATTGCGTG_L003,042-44,CCTTCCAT-ATTGCGTG,L003,first-batch
042-44_CCTTCCAT-ATTGCGTG_L004,042-44,CCTTCCAT-ATTGCGTG,L004,first-batch
043-45_AGGAACAC-GACATTCC_L005,043-45,AGGAACAC-GACATTCC,L005,first-batch
043-45_AGGAACAC-GACATTCC_L006,043-45,AGGAACAC-GACATTCC,L006,first-batch
043-45_AGGAACAC-GACATTCC_L008,043-45,AGGAACAC-GACATTCC,L008,first-batch
044-46_CTTACAGC-CTTCACCA_L005,044-46,CTTACAGC-CTTCACCA,L005,first-batch
044-46_CTTACAGC-CTTCACCA_L006,044-46,CTTACAGC-CTTCACCA,L006,first-batch
044-46_CTTACAGC-CTTCACCA_L008,044-46,CTTACAGC-CTTCACCA,L008,first-batch
045-47_TACCTGCA-TGATGTCC_L005,045-47,TACCTGCA-TGATGTCC,L005,first-batch
045-47_TACCTGCA-TGATGTCC_L006,045-47,TACCTGCA-TGATGTCC,L006,first-batch
045-47_TACCTGCA-TGATGTCC_L008,045-47,TACCTGCA-TGATGTCC,L008,first-batch
046-48_AGACGCTA-TGTACACC_L005,046-48,AGACGCTA-TGTACACC,L005,first-batch
046-48_AGACGCTA-TGTACACC_L006,046-48,AGACGCTA-TGTACACC,L006,first-batch
046-48_AGACGCTA-TGTACACC_L008,046-48,AGACGCTA-TGTACACC,L008,first-batch
047-49_CAACACAG-TGGCTATC_L005,047-49,CAACACAG-TGGCTATC,L005,first-batch
047-49_CAACACAG-TGGCTATC_L006,047-49,CAACACAG-TGGCTATC,L006,first-batch
047-49_CAACACAG-TGGCTATC_L008,047-49,CAACACAG-TGGCTATC,L008,first-batch
048-50_GTACCACA-TGTTGTGG_L005,048-50,GTACCACA-TGTTGTGG,L005,first-batch
048-50_GTACCACA-TGTTGTGG_L006,048-50,GTACCACA-TGTTGTGG,L006,first-batch
048-50_GTACCACA-TGTTGTGG_L008,048-50,GTACCACA-TGTTGTGG,L008,first-batch
049-51_CGAATACG-GTCGGTAA_L005,049-51,CGAATACG-GTCGGTAA,L005,first-batch
049-51_CGAATACG-GTCGGTAA_L006,049-51,CGAATACG-GTCGGTAA,L006,first-batch
049-51_CGAATACG-GTCGGTAA_L008,049-51,CGAATACG-GTCGGTAA,L008,first-batch
050-52_GTCCTTGA-TCAGACGA_L005,050-52,GTCCTTGA-TCAGACGA,L005,first-batch
050-52_GTCCTTGA-TCAGACGA_L006,050-52,GTCCTTGA-TCAGACGA,L006,first-batch
050-52_GTCCTTGA-TCAGACGA_L008,050-52,GTCCTTGA-TCAGACGA,L008,first-batch
051-53_CAGTGCTT-ACCTGGAA_L005,051-53,CAGTGCTT-ACCTGGAA,L005,first-batch
051-53_CAGTGCTT-ACCTGGAA_L006,051-53,CAGTGCTT-ACCTGGAA,L006,first-batch
051-53_CAGTGCTT-ACCTGGAA_L008,051-53,CAGTGCTT-ACCTGGAA,L008,first-batch
052-54_TCCATTGC-AGACCGTA_L005,052-54,TCCATTGC-AGACCGTA,L005,first-batch
052-54_TCCATTGC-AGACCGTA_L006,052-54,TCCATTGC-AGACCGTA,L006,first-batch
052-54_TCCATTGC-AGACCGTA_L008,052-54,TCCATTGC-AGACCGTA,L008,first-batch
053-55_GTCGATTG-ACGGTCTT_L005,053-55,GTCGATTG-ACGGTCTT,L005,first-batch
053-55_GTCGATTG-ACGGTCTT_L006,053-55,GTCGATTG-ACGGTCTT,L006,first-batch
053-55_GTCGATTG-ACGGTCTT_L008,053-55,GTCGATTG-ACGGTCTT,L008,first-batch
054-56_ATAACGCC-TGAACCTG_L005,054-56,ATAACGCC-TGAACCTG,L005,first-batch
054-56_ATAACGCC-TGAACCTG_L006,054-56,ATAACGCC-TGAACCTG,L006,first-batch
054-56_ATAACGCC-TGAACCTG_L008,054-56,ATAACGCC-TGAACCTG,L008,first-batch
055-57_GCCTTAAC-AGCTCCTA_L005,055-57,GCCTTAAC-AGCTCCTA,L005,first-batch
055-57_GCCTTAAC-AGCTCCTA_L006,055-57,GCCTTAAC-AGCTCCTA,L006,first-batch
055-57_GCCTTAAC-AGCTCCTA_L008,055-57,GCCTTAAC-AGCTCCTA,L008,first-batch
056-58_GGTATAGG-CTGGAGTA_L005,056-58,GGTATAGG-CTGGAGTA,L005,first-batch
056-58_GGTATAGG-CTGGAGTA_L006,056-58,GGTATAGG-CTGGAGTA,L006,first-batch
056-58_GGTATAGG-CTGGAGTA_L008,056-58,GGTATAGG-CTGGAGTA,L008,first-batch
057-59_TCTAGGAG-AGGTCACT_L005,057-59,TCTAGGAG-AGGTCACT,L005,first-batch
057-59_TCTAGGAG-AGGTCACT_L006,057-59,TCTAGGAG-AGGTCACT,L006,first-batch
057-59_TCTAGGAG-AGGTCACT_L008,057-59,TCTAGGAG-AGGTCACT,L008,first-batch
058-60_TGCGTAAC-GATAGGCT_L005,058-60,TGCGTAAC-GATAGGCT,L005,first-batch
058-60_TGCGTAAC-GATAGGCT_L006,058-60,TGCGTAAC-GATAGGCT,L006,first-batch
058-60_TGCGTAAC-GATAGGCT_L008,058-60,TGCGTAAC-GATAGGCT,L008,first-batch
059-61_CTTGCTAG-GGAGATGA_L005,059-61,CTTGCTAG-GGAGATGA,L005,first-batch
059-61_CTTGCTAG-GGAGATGA_L006,059-61,CTTGCTAG-GGAGATGA,L006,first-batch
059-61_CTTGCTAG-GGAGATGA_L008,059-61,CTTGCTAG-GGAGATGA,L008,first-batch
060-62_AGCGAGAT-GATACTGG_L005,060-62,AGCGAGAT-GATACTGG,L005,first-batch
060-62_AGCGAGAT-GATACTGG_L006,060-62,AGCGAGAT-GATACTGG,L006,first-batch
060-62_AGCGAGAT-GATACTGG_L008,060-62,AGCGAGAT-GATACTGG,L008,first-batch
061-63_TATGGCAC-TCTCGCAA_L005,061-63,TATGGCAC-TCTCGCAA,L005,first-batch
061-63_TATGGCAC-TCTCGCAA_L006,061-63,TATGGCAC-TCTCGCAA,L006,first-batch
061-63_TATGGCAC-TCTCGCAA_L008,061-63,TATGGCAC-TCTCGCAA,L008,first-batch
062-64_GAATCACC-CTTCGTTC_L005,062-64,GAATCACC-CTTCGTTC,L005,first-batch
062-64_GAATCACC-CTTCGTTC_L006,062-64,GAATCACC-CTTCGTTC,L006,first-batch
062-64_GAATCACC-CTTCGTTC_L008,062-64,GAATCACC-CTTCGTTC,L008,first-batch
063-65_GTAAGGTG-GCAATTCG_L005,063-65,GTAAGGTG-GCAATTCG,L005,first-batch
063-65_GTAAGGTG-GCAATTCG_L006,063-65,GTAAGGTG-GCAATTCG,L006,first-batch
063-65_GTAAGGTG-GCAATTCG_L008,063-65,GTAAGGTG-GCAATTCG,L008,first-batch
064-67_CGAGAGAA-TCTCTTCC_L005,064-67,CGAGAGAA-TCTCTTCC,L005,first-batch
064-67_CGAGAGAA-TCTCTTCC_L006,064-67,CGAGAGAA-TCTCTTCC,L006,first-batch
064-67_CGAGAGAA-TCTCTTCC_L008,064-67,CGAGAGAA-TCTCTTCC,L008,first-batch
065-68_CGCAACTA-GAATCCGA_L005,065-68,CGCAACTA-GAATCCGA,L005,first-batch
065-68_CGCAACTA-GAATCCGA_L006,065-68,CGCAACTA-GAATCCGA,L006,first-batch
065-68_CGCAACTA-GAATCCGA_L008,065-68,CGCAACTA-GAATCCGA,L008,first-batch
066-69_CACAGACT-TGGTACAG_L005,066-69,CACAGACT-TGGTACAG,L005,first-batch
066-69_CACAGACT-TGGTACAG_L006,066-69,CACAGACT-TGGTACAG,L006,first-batch
066-69_CACAGACT-TGGTACAG_L008,066-69,CACAGACT-TGGTACAG,L008,first-batch
067-70_TGGAAGCA-GTACTCTC_L005,067-70,TGGAAGCA-GTACTCTC,L005,first-batch
067-70_TGGAAGCA-GTACTCTC_L006,067-70,TGGAAGCA-GTACTCTC,L006,first-batch
067-70_TGGAAGCA-GTACTCTC_L008,067-70,TGGAAGCA-GTACTCTC,L008,first-batch
068-72_CAATAGCC-TGCGTAGA_L005,068-72,CAATAGCC-TGCGTAGA,L005,first-batch
068-72_CAATAGCC-TGCGTAGA_L006,068-72,CAATAGCC-TGCGTAGA,L006,first-batch
068-72_CAATAGCC-TGCGTAGA_L008,068-72,CAATAGCC-TGCGTAGA,L008,first-batch
069-73_CTCGAACA-GGAATTGC_L005,069-73,CTCGAACA-GGAATTGC,L005,first-batch
069-73_CTCGAACA-GGAATTGC_L006,069-73,CTCGAACA-GGAATTGC,L006,first-batch
069-73_CTCGAACA-GGAATTGC_L008,069-73,CTCGAACA-GGAATTGC,L008,first-batch
070-74_GGCAAGTT-CTTCTGAG_L005,070-74,GGCAAGTT-CTTCTGAG,L005,first-batch
070-74_GGCAAGTT-CTTCTGAG_L006,070-74,GGCAAGTT-CTTCTGAG,L006,first-batch
070-74_GGCAAGTT-CTTCTGAG_L008,070-74,GGCAAGTT-CTTCTGAG,L008,first-batch
071-75_AGCTACCA-CTTAGGAC_L005,071-75,AGCTACCA-CTTAGGAC,L005,first-batch
071-75_AGCTACCA-CTTAGGAC_L006,071-75,AGCTACCA-CTTAGGAC,L006,first-batch
071-75_AGCTACCA-CTTAGGAC_L008,071-75,AGCTACCA-CTTAGGAC,L008,first-batch
072-76_CAGCATAC-TCTAACGC_L005,072-76,CAGCATAC-TCTAACGC,L005,first-batch
072-76_CAGCATAC-TCTAACGC_L006,072-76,CAGCATAC-TCTAACGC,L006,first-batch
072-76_CAGCATAC-TCTAACGC_L008,072-76,CAGCATAC-TCTAACGC,L008,first-batch
073-77_CGTATCTC-GTACCTTG_L005,073-77,CGTATCTC-GTACCTTG,L005,first-batch
073-77_CGTATCTC-GTACCTTG_L006,073-77,CGTATCTC-GTACCTTG,L006,first-batch
073-77_CGTATCTC-GTACCTTG_L008,073-77,CGTATCTC-GTACCTTG,L008,first-batch
074-78_TTACGTGC-CAAGGTCT_L005,074-78,TTACGTGC-CAAGGTCT,L005,first-batch
074-78_TTACGTGC-CAAGGTCT_L006,074-78,TTACGTGC-CAAGGTCT,L006,first-batch
074-78_TTACGTGC-CAAGGTCT_L008,074-78,TTACGTGC-CAAGGTCT,L008,first-batch
075-79_AGCTAAGC-GTAACGAC_L005,075-79,AGCTAAGC-GTAACGAC,L005,first-batch
075-79_AGCTAAGC-GTAACGAC_L006,075-79,AGCTAAGC-GTAACGAC,L006,first-batch
075-79_AGCTAAGC-GTAACGAC_L008,075-79,AGCTAAGC-GTAACGAC,L008,first-batch
076-80_AAGACACC-TCGGTTAC_L005,076-80,AAGACACC-TCGGTTAC,L005,first-batch
076-80_AAGACACC-TCGGTTAC_L006,076-80,AAGACACC-TCGGTTAC,L006,first-batch
076-80_AAGACACC-TCGGTTAC_L008,076-80,AAGACACC-TCGGTTAC,L008,first-batch
077-81_CAACTCCA-ACGGATTC_L005,077-81,CAACTCCA-ACGGATTC,L005,first-batch
077-81_CAACTCCA-ACGGATTC_L006,077-81,CAACTCCA-ACGGATTC,L006,first-batch
077-81_CAACTCCA-ACGGATTC_L008,077-81,CAACTCCA-ACGGATTC,L008,first-batch
078-82_GATCTTGC-TGCTCATG_L005,078-82,GATCTTGC-TGCTCATG,L005,first-batch
078-82_GATCTTGC-TGCTCATG_L006,078-82,GATCTTGC-TGCTCATG,L006,first-batch
078-82_GATCTTGC-TGCTCATG_L008,078-82,GATCTTGC-TGCTCATG,L008,first-batch
079-83_CTTCACTG-GTCCTAAG_L005,079-83,CTTCACTG-GTCCTAAG,L005,first-batch
079-83_CTTCACTG-GTCCTAAG_L006,079-83,CTTCACTG-GTCCTAAG,L006,first-batch
079-83_CTTCACTG-GTCCTAAG_L008,079-83,CTTCACTG-GTCCTAAG,L008,first-batch
080-84_CTCGACTT-GGTCAGAT_L005,080-84,CTCGACTT-GGTCAGAT,L005,first-batch
080-84_CTCGACTT-GGTCAGAT_L006,080-84,CTCGACTT-GGTCAGAT,L006,first-batch
080-84_CTCGACTT-GGTCAGAT_L008,080-84,CTCGACTT-GGTCAGAT,L008,first-batch
081-85_GTACACCT-CATGAGGA_L005,081-85,GTACACCT-CATGAGGA,L005,first-batch
081-85_GTACACCT-CATGAGGA_L006,081-85,GTACACCT-CATGAGGA,L006,first-batch
081-85_GTACACCT-CATGAGGA_L008,081-85,GTACACCT-CATGAGGA,L008,first-batch
082-86_CCAAGGTT-GCTATCCT_L005,082-86,CCAAGGTT-GCTATCCT,L005,first-batch
082-86_CCAAGGTT-GCTATCCT_L006,082-86,CCAAGGTT-GCTATCCT,L006,first-batch
082-86_CCAAGGTT-GCTATCCT_L008,082-86,CCAAGGTT-GCTATCCT,L008,first-batch
083-87_GAACGGTT-ATTCCTCC_L005,083-87,GAACGGTT-ATTCCTCC,L005,first-batch
083-87_GAACGGTT-ATTCCTCC_L006,083-87,GAACGGTT-ATTCCTCC,L006,first-batch
083-87_GAACGGTT-ATTCCTCC_L008,083-87,GAACGGTT-ATTCCTCC,L008,first-batch
084-88_CCAGTTGA-ATGACGTC_L005,084-88,CCAGTTGA-ATGACGTC,L005,first-batch
084-88_CCAGTTGA-ATGACGTC_L006,084-88,CCAGTTGA-ATGACGTC,L006,first-batch
084-88_CCAGTTGA-ATGACGTC_L008,084-88,CCAGTTGA-ATGACGTC,L008,first-batch
085-89_GTCATCGT-TTAAGCGG_L001,085-89,GTCATCGT-TTAAGCGG,L001,first-batch
085-89_GTCATCGT-TTAAGCGG_L002,085-89,GTCATCGT-TTAAGCGG,L002,first-batch
085-89_GTCATCGT-TTAAGCGG_L003,085-89,GTCATCGT-TTAAGCGG,L003,first-batch
086-90_CAATGCGA-AGTTCGTC_L001,086-90,CAATGCGA-AGTTCGTC,L001,first-batch
086-90_CAATGCGA-AGTTCGTC_L002,086-90,CAATGCGA-AGTTCGTC,L002,first-batch
086-90_CAATGCGA-AGTTCGTC_L003,086-90,CAATGCGA-AGTTCGTC,L003,first-batch
087-91_GGTTGAAC-AACGTGGA_L001,087-91,GGTTGAAC-AACGTGGA,L001,first-batch
087-91_GGTTGAAC-AACGTGGA_L002,087-91,GGTTGAAC-AACGTGGA,L002,first-batch
087-91_GGTTGAAC-AACGTGGA_L003,087-91,GGTTGAAC-AACGTGGA,L003,first-batch
088-92_CTTCGGTT-CTCTGGTT_L001,088-92,CTTCGGTT-CTCTGGTT,L001,first-batch
088-92_CTTCGGTT-CTCTGGTT_L002,088-92,CTTCGGTT-CTCTGGTT,L002,first-batch
088-92_CTTCGGTT-CTCTGGTT_L003,088-92,CTTCGGTT-CTCTGGTT,L003,first-batch
089-93_CGGCATTA-TGACTGAC_L001,089-93,CGGCATTA-TGACTGAC,L001,first-batch
089-93_CGGCATTA-TGACTGAC_L002,089-93,CGGCATTA-TGACTGAC,L002,first-batch
089-93_CGGCATTA-TGACTGAC_L003,089-93,CGGCATTA-TGACTGAC,L003,first-batch
090-94_CACGCAAT-ATGGAAGG_L001,090-94,CACGCAAT-ATGGAAGG,L001,first-batch
090-94_CACGCAAT-ATGGAAGG_L002,090-94,CACGCAAT-ATGGAAGG,L002,first-batch
090-94_CACGCAAT-ATGGAAGG_L003,090-94,CACGCAAT-ATGGAAGG,L003,first-batch
091-95_GGAATGTC-GTGTTCCT_L001,091-95,GGAATGTC-GTGTTCCT,L001,first-batch
091-95_GGAATGTC-GTGTTCCT_L002,091-95,GGAATGTC-GTGTTCCT,L002,first-batch
091-95_GGAATGTC-GTGTTCCT_L003,091-95,GGAATGTC-GTGTTCCT,L003,first-batch
092-96_TGGTGAAG-GCTGTAAG_L001,092-96,TGGTGAAG-GCTGTAAG,L001,first-batch
092-96_TGGTGAAG-GCTGTAAG_L002,092-96,TGGTGAAG-GCTGTAAG,L002,first-batch
092-96_TGGTGAAG-GCTGTAAG_L003,092-96,TGGTGAAG-GCTGTAAG,L003,first-batch
093-97_GGACATCA-TGCAGGTA_L001,093-97,GGACATCA-TGCAGGTA,L001,first-batch
093-97_GGACATCA-TGCAGGTA_L002,093-97,GGACATCA-TGCAGGTA,L002,first-batch
093-97_GGACATCA-TGCAGGTA_L003,093-97,GGACATCA-TGCAGGTA,L003,first-batch
094-98_GGTGTACA-TAGCGTCT_L001,094-98,GGTGTACA-TAGCGTCT,L001,first-batch
094-98_GGTGTACA-TAGCGTCT_L002,094-98,GGTGTACA-TAGCGTCT,L002,first-batch
094-98_GGTGTACA-TAGCGTCT_L003,094-98,GGTGTACA-TAGCGTCT,L003,first-batch
095-99_TTACCGAC-CGTATTCG_L001,095-99,TTACCGAC-CGTATTCG,L001,first-batch
095-99_TTACCGAC-CGTATTCG_L002,095-99,TTACCGAC-CGTATTCG,L002,first-batch
095-99_TTACCGAC-CGTATTCG_L003,095-99,TTACCGAC-CGTATTCG,L003,first-batch
096-100_TCGTCTGA-TCAAGGAC_L001,096-100,TCGTCTGA-TCAAGGAC,L001,first-batch
096-100_TCGTCTGA-TCAAGGAC_L002,096-100,TCGTCTGA-TCAAGGAC,L002,first-batch
096-100_TCGTCTGA-TCAAGGAC_L003,096-100,TCGTCTGA-TCAAGGAC,L003,first-batch
097-101_TTCCAGGT-AAGCACTG_L001,097-101,TTCCAGGT-AAGCACTG,L001,first-batch
097-101_TTCCAGGT-AAGCACTG_L002,097-101,TTCCAGGT-AAGCACTG,L002,first-batch
097-101_TTCCAGGT-AAGCACTG_L003,097-101,TTCCAGGT-AAGCACTG,L003,first-batch
098-102_TACGGTCT-GCAATGGA_L001,098-102,TACGGTCT-GCAATGGA,L001,first-batch
098-102_TACGGTCT-GCAATGGA_L002,098-102,TACGGTCT-GCAATGGA,L002,first-batch
098-102_TACGGTCT-GCAATGGA_L003,098-102,TACGGTCT-GCAATGGA,L003,first-batch
099-103_AAGACCGT-CAATCGAC_L001,099-103,AAGACCGT-CAATCGAC,L001,first-batch
099-103_AAGACCGT-CAATCGAC_L002,099-103,AAGACCGT-CAATCGAC,L002,first-batch
099-103_AAGACCGT-CAATCGAC_L003,099-103,AAGACCGT-CAATCGAC,L003,first-batch
100-104_CAGGTTCA-GGCGTTAT_L001,100-104,CAGGTTCA-GGCGTTAT,L001,first-batch
100-104_CAGGTTCA-GGCGTTAT_L002,100-104,CAGGTTCA-GGCGTTAT,L002,first-batch
100-104_CAGGTTCA-GGCGTTAT_L003,100-104,CAGGTTCA-GGCGTTAT,L003,first-batch
101-105_TAGGAGCT-GTTAAGGC_L001,101-105,TAGGAGCT-GTTAAGGC,L001,first-batch
101-105_TAGGAGCT-GTTAAGGC_L002,101-105,TAGGAGCT-GTTAAGGC,L002,first-batch
101-105_TAGGAGCT-GTTAAGGC_L003,101-105,TAGGAGCT-GTTAAGGC,L003,first-batch
102-106_TACTCCAG-CCTATACC_L001,102-106,TACTCCAG-CCTATACC,L001,first-batch
102-106_TACTCCAG-CCTATACC_L002,102-106,TACTCCAG-CCTATACC,L002,first-batch
102-106_TACTCCAG-CCTATACC_L003,102-106,TACTCCAG-CCTATACC,L003,first-batch
103-107_AGTGACCT-CTCCTAGA_L001,103-107,AGTGACCT-CTCCTAGA,L001,first-batch
103-107_AGTGACCT-CTCCTAGA_L002,103-107,AGTGACCT-CTCCTAGA,L002,first-batch
103-107_AGTGACCT-CTCCTAGA_L003,103-107,AGTGACCT-CTCCTAGA,L003,first-batch
104-108_AGCCTATC-GTTACGCA_L001,104-108,AGCCTATC-GTTACGCA,L001,first-batch
104-108_AGCCTATC-GTTACGCA_L002,104-108,AGCCTATC-GTTACGCA,L002,first-batch
104-108_AGCCTATC-GTTACGCA_L003,104-108,AGCCTATC-GTTACGCA,L003,first-batch
105-109_TCATCTCC-CTAGCAAG_L001,105-109,TCATCTCC-CTAGCAAG,L001,first-batch
105-109_TCATCTCC-CTAGCAAG_L002,105-109,TCATCTCC-CTAGCAAG,L002,first-batch
105-109_TCATCTCC-CTAGCAAG_L003,105-109,TCATCTCC-CTAGCAAG,L003,first-batch
106-110_CCAGTATC-ATCTCGCT_L001,106-110,CCAGTATC-ATCTCGCT,L001,first-batch
106-110_CCAGTATC-ATCTCGCT_L002,106-110,CCAGTATC-ATCTCGCT,L002,first-batch
106-110_CCAGTATC-ATCTCGCT_L003,106-110,CCAGTATC-ATCTCGCT,L003,first-batch
107-111_TTGCGAGA-GTGCCATA_L001,107-111,TTGCGAGA-GTGCCATA,L001,first-batch
107-111_TTGCGAGA-GTGCCATA_L002,107-111,TTGCGAGA-GTGCCATA,L002,first-batch
107-111_TTGCGAGA-GTGCCATA_L003,107-111,TTGCGAGA-GTGCCATA,L003,first-batch
108-112_GAACGAAG-GGTGATTC_L001,108-112,GAACGAAG-GGTGATTC,L001,first-batch
108-112_GAACGAAG-GGTGATTC_L002,108-112,GAACGAAG-GGTGATTC,L002,first-batch
108-112_GAACGAAG-GGTGATTC_L003,108-112,GAACGAAG-GGTGATTC,L003,first-batch
109-113_CGAATTGC-CACCTTAC_L001,109-113,CGAATTGC-CACCTTAC,L001,first-batch
109-113_CGAATTGC-CACCTTAC_L002,109-113,CGAATTGC-CACCTTAC,L002,first-batch
109-113_CGAATTGC-CACCTTAC_L003,109-113,CGAATTGC-CACCTTAC,L003,first-batch
110-114_GGAAGAGA-TTCTCTCG_L001,110-114,GGAAGAGA-TTCTCTCG,L001,first-batch
110-114_GGAAGAGA-TTCTCTCG_L002,110-114,GGAAGAGA-TTCTCTCG,L002,first-batch
110-114_GGAAGAGA-TTCTCTCG_L003,110-114,GGAAGAGA-TTCTCTCG,L003,first-batch
111-115_TCGGATTC-TAGTTGCG_L001,111-115,TCGGATTC-TAGTTGCG,L001,first-batch
111-115_TCGGATTC-TAGTTGCG_L002,111-115,TCGGATTC-TAGTTGCG,L002,first-batch
111-115_TCGGATTC-TAGTTGCG_L003,111-115,TCGGATTC-TAGTTGCG,L003,first-batch
112-116_CTGTACCA-AGTCTGTG_L001,112-116,CTGTACCA-AGTCTGTG,L001,first-batch
112-116_CTGTACCA-AGTCTGTG_L002,112-116,CTGTACCA-AGTCTGTG,L002,first-batch
112-116_CTGTACCA-AGTCTGTG_L003,112-116,CTGTACCA-AGTCTGTG,L003,first-batch
113-117_GAGAGTAC-TGCTTCCA_L001,113-117,GAGAGTAC-TGCTTCCA,L001,first-batch
113-117_GAGAGTAC-TGCTTCCA_L002,113-117,GAGAGTAC-TGCTTCCA,L002,first-batch
113-117_GAGAGTAC-TGCTTCCA_L003,113-117,GAGAGTAC-TGCTTCCA,L003,first-batch
114-118_TCTACGCA-GGCTATTG_L001,114-118,TCTACGCA-GGCTATTG,L001,first-batch
114-118_TCTACGCA-GGCTATTG_L002,114-118,TCTACGCA-GGCTATTG,L002,first-batch
114-118_TCTACGCA-GGCTATTG_L003,114-118,TCTACGCA-GGCTATTG,L003,first-batch
115-119_GCAATTCC-TGTTCGAG_L001,115-119,GCAATTCC-TGTTCGAG,L001,first-batch
115-119_GCAATTCC-TGTTCGAG_L002,115-119,GCAATTCC-TGTTCGAG,L002,first-batch
115-119_GCAATTCC-TGTTCGAG_L003,115-119,GCAATTCC-TGTTCGAG,L003,first-batch
116-120_CTCAGAAG-AACTTGCC_L001,116-120,CTCAGAAG-AACTTGCC,L001,first-batch
116-120_CTCAGAAG-AACTTGCC_L002,116-120,CTCAGAAG-AACTTGCC,L002,first-batch
116-120_CTCAGAAG-AACTTGCC_L003,116-120,CTCAGAAG-AACTTGCC,L003,first-batch
117-121_GTCCTAAG-TGGTAGCT_L001,117-121,GTCCTAAG-TGGTAGCT,L001,first-batch
117-121_GTCCTAAG-TGGTAGCT_L002,117-121,GTCCTAAG-TGGTAGCT,L002,first-batch
117-121_GTCCTAAG-TGGTAGCT_L003,117-121,GTCCTAAG-TGGTAGCT,L003,first-batch
118-122_GCGTTAGA-GTATGCTG_L001,118-122,GCGTTAGA-GTATGCTG,L001,first-batch
118-122_GCGTTAGA-GTATGCTG_L002,118-122,GCGTTAGA-GTATGCTG,L002,first-batch
118-122_GCGTTAGA-GTATGCTG_L003,118-122,GCGTTAGA-GTATGCTG,L003,first-batch
119-123_CAAGGTAC-GAGATACG_L001,119-123,CAAGGTAC-GAGATACG,L001,first-batch
119-123_CAAGGTAC-GAGATACG_L002,119-123,CAAGGTAC-GAGATACG,L002,first-batch
119-123_CAAGGTAC-GAGATACG_L003,119-123,CAAGGTAC-GAGATACG,L003,first-batch
120-124_AGACCTTG-GCACGTAA_L001,120-124,AGACCTTG-GCACGTAA,L001,first-batch
120-124_AGACCTTG-GCACGTAA_L002,120-124,AGACCTTG-GCACGTAA,L002,first-batch
120-124_AGACCTTG-GCACGTAA_L003,120-124,AGACCTTG-GCACGTAA,L003,first-batch
121-125_GTCGTTAC-GCTTAGCT_L001,121-125,GTCGTTAC-GCTTAGCT,L001,first-batch
121-125_GTCGTTAC-GCTTAGCT_L002,121-125,GTCGTTAC-GCTTAGCT,L002,first-batch
121-125_GTCGTTAC-GCTTAGCT_L003,121-125,GTCGTTAC-GCTTAGCT,L003,first-batch
122-126_GTAACCGA-GGTGTCTT_L001,122-126,GTAACCGA-GGTGTCTT,L001,first-batch
122-126_GTAACCGA-GGTGTCTT_L002,122-126,GTAACCGA-GGTGTCTT,L002,first-batch
122-126_GTAACCGA-GGTGTCTT_L003,122-126,GTAACCGA-GGTGTCTT,L003,first-batch
123-127_GAATCCGT-TGGAGTTG_L001,123-127,GAATCCGT-TGGAGTTG,L001,first-batch
123-127_GAATCCGT-TGGAGTTG_L002,123-127,GAATCCGT-TGGAGTTG,L002,first-batch
123-127_GAATCCGT-TGGAGTTG_L003,123-127,GAATCCGT-TGGAGTTG,L003,first-batch
124-128_CATGAGCA-GCAAGATC_L001,124-128,CATGAGCA-GCAAGATC,L001,first-batch
124-128_CATGAGCA-GCAAGATC_L002,124-128,CATGAGCA-GCAAGATC,L002,first-batch
124-128_CATGAGCA-GCAAGATC_L003,124-128,CATGAGCA-GCAAGATC,L003,first-batch
125-129_CTTAGGAC-CAGTGAAG_L001,125-129,CTTAGGAC-CAGTGAAG,L001,first-batch
125-129_CTTAGGAC-CAGTGAAG_L002,125-129,CTTAGGAC-CAGTGAAG,L002,first-batch
125-129_CTTAGGAC-CAGTGAAG_L003,125-129,CTTAGGAC-CAGTGAAG,L003,first-batch
126-130_ATCTGACC-AAGTCGAG_L001,126-130,ATCTGACC-AAGTCGAG,L001,first-batch
126-130_ATCTGACC-AAGTCGAG_L002,126-130,ATCTGACC-AAGTCGAG,L002,first-batch
126-130_ATCTGACC-AAGTCGAG_L003,126-130,ATCTGACC-AAGTCGAG,L003,first-batch
127-131_TCCTCATG-AGGTGTAC_L004,127-131,TCCTCATG-AGGTGTAC,L004,first-batch
127-131_TCCTCATG-AGGTGTAC_L007,127-131,TCCTCATG-AGGTGTAC,L007,first-batch
127-131_TCCTCATG-AGGTGTAC_L008,127-131,TCCTCATG-AGGTGTAC,L008,first-batch
128-132_AGGATAGC-AACCTTGG_L004,128-132,AGGATAGC-AACCTTGG,L004,first-batch
128-132_AGGATAGC-AACCTTGG_L007,128-132,AGGATAGC-AACCTTGG,L007,first-batch
128-132_AGGATAGC-AACCTTGG_L008,128-132,AGGATAGC-AACCTTGG,L008,first-batch
129-133_GGAGGAAT-AACCGTTC_L004,129-133,GGAGGAAT-AACCGTTC,L004,first-batch
129-133_GGAGGAAT-AACCGTTC_L007,129-133,GGAGGAAT-AACCGTTC,L007,first-batch
129-133_GGAGGAAT-AACCGTTC_L008,129-133,GGAGGAAT-AACCGTTC,L008,first-batch
130-134_GACGTCAT-TCAACTGG_L004,130-134,GACGTCAT-TCAACTGG,L004,first-batch
130-134_GACGTCAT-TCAACTGG_L007,130-134,GACGTCAT-TCAACTGG,L007,first-batch
130-134_GACGTCAT-TCAACTGG_L008,130-134,GACGTCAT-TCAACTGG,L008,first-batch
131-135_CCGCTTAA-ACGATGAC_L004,131-135,CCGCTTAA-ACGATGAC,L004,first-batch
131-135_CCGCTTAA-ACGATGAC_L007,131-135,CCGCTTAA-ACGATGAC,L007,first-batch
131-135_CCGCTTAA-ACGATGAC_L008,131-135,CCGCTTAA-ACGATGAC,L008,first-batch
133-137_TCCACGTT-GTTCAACC_L004,133-137,TCCACGTT-GTTCAACC,L004,first-batch
133-137_TCCACGTT-GTTCAACC_L007,133-137,TCCACGTT-GTTCAACC,L007,first-batch
133-137_TCCACGTT-GTTCAACC_L008,133-137,TCCACGTT-GTTCAACC,L008,first-batch
134-138_AACCAGAG-AACCGAAG_L004,134-138,AACCAGAG-AACCGAAG,L004,first-batch
134-138_AACCAGAG-AACCGAAG_L007,134-138,AACCAGAG-AACCGAAG,L007,first-batch
134-138_AACCAGAG-AACCGAAG_L008,134-138,AACCAGAG-AACCGAAG,L008,first-batch
135-139_GTCAGTCA-TAATGCCG_L004,135-139,GTCAGTCA-TAATGCCG,L004,first-batch
135-139_GTCAGTCA-TAATGCCG_L007,135-139,GTCAGTCA-TAATGCCG,L007,first-batch
135-139_GTCAGTCA-TAATGCCG_L008,135-139,GTCAGTCA-TAATGCCG,L008,first-batch
136-140_CCTTCCAT-ATTGCGTG_L004,136-140,CCTTCCAT-ATTGCGTG,L004,first-batch
136-140_CCTTCCAT-ATTGCGTG_L007,136-140,CCTTCCAT-ATTGCGTG,L007,first-batch
136-140_CCTTCCAT-ATTGCGTG_L008,136-140,CCTTCCAT-ATTGCGTG,L008,first-batch
137-141_AGGAACAC-GACATTCC_L004,137-141,AGGAACAC-GACATTCC,L004,first-batch
137-141_AGGAACAC-GACATTCC_L007,137-141,AGGAACAC-GACATTCC,L007,first-batch
137-141_AGGAACAC-GACATTCC_L008,137-141,AGGAACAC-GACATTCC,L008,first-batch
138-142_CTTACAGC-CTTCACCA_L004,138-142,CTTACAGC-CTTCACCA,L004,first-batch
138-142_CTTACAGC-CTTCACCA_L007,138-142,CTTACAGC-CTTCACCA,L007,first-batch
138-142_CTTACAGC-CTTCACCA_L008,138-142,CTTACAGC-CTTCACCA,L008,first-batch
139-143_TACCTGCA-TGATGTCC_L004,139-143,TACCTGCA-TGATGTCC,L004,first-batch
139-143_TACCTGCA-TGATGTCC_L007,139-143,TACCTGCA-TGATGTCC,L007,first-batch
139-143_TACCTGCA-TGATGTCC_L008,139-143,TACCTGCA-TGATGTCC,L008,first-batch
140-144_AGACGCTA-TGTACACC_L004,140-144,AGACGCTA-TGTACACC,L004,first-batch
140-144_AGACGCTA-TGTACACC_L007,140-144,AGACGCTA-TGTACACC,L007,first-batch
140-144_AGACGCTA-TGTACACC_L008,140-144,AGACGCTA-TGTACACC,L008,first-batch
141-145_CAACACAG-TGGCTATC_L004,141-145,CAACACAG-TGGCTATC,L004,first-batch
141-145_CAACACAG-TGGCTATC_L007,141-145,CAACACAG-TGGCTATC,L007,first-batch
141-145_CAACACAG-TGGCTATC_L008,141-145,CAACACAG-TGGCTATC,L008,first-batch
142-146_GTACCACA-TGTTGTGG_L004,142-146,GTACCACA-TGTTGTGG,L004,first-batch
142-146_GTACCACA-TGTTGTGG_L007,142-146,GTACCACA-TGTTGTGG,L007,first-batch
142-146_GTACCACA-TGTTGTGG_L008,142-146,GTACCACA-TGTTGTGG,L008,first-batch
143-147_CGAATACG-GTCGGTAA_L004,143-147,CGAATACG-GTCGGTAA,L004,first-batch
143-147_CGAATACG-GTCGGTAA_L007,143-147,CGAATACG-GTCGGTAA,L007,first-batch
143-147_CGAATACG-GTCGGTAA_L008,143-147,CGAATACG-GTCGGTAA,L008,first-batch
144-148_GTCCTTGA-TCAGACGA_L004,144-148,GTCCTTGA-TCAGACGA,L004,first-batch
144-148_GTCCTTGA-TCAGACGA_L007,144-148,GTCCTTGA-TCAGACGA,L007,first-batch
144-148_GTCCTTGA-TCAGACGA_L008,144-148,GTCCTTGA-TCAGACGA,L008,first-batch
145-149_CAGTGCTT-ACCTGGAA_L004,145-149,CAGTGCTT-ACCTGGAA,L004,first-batch
145-149_CAGTGCTT-ACCTGGAA_L007,145-149,CAGTGCTT-ACCTGGAA,L007,first-batch
145-149_CAGTGCTT-ACCTGGAA_L008,145-149,CAGTGCTT-ACCTGGAA,L008,first-batch
146-150_TCCATTGC-AGACCGTA_L004,146-150,TCCATTGC-AGACCGTA,L004,first-batch
146-150_TCCATTGC-AGACCGTA_L007,146-150,TCCATTGC-AGACCGTA,L007,first-batch
146-150_TCCATTGC-AGACCGTA_L008,146-150,TCCATTGC-AGACCGTA,L008,first-batch
147-151_GTCGATTG-ACGGTCTT_L004,147-151,GTCGATTG-ACGGTCTT,L004,first-batch
147-151_GTCGATTG-ACGGTCTT_L007,147-151,GTCGATTG-ACGGTCTT,L007,first-batch
147-151_GTCGATTG-ACGGTCTT_L008,147-151,GTCGATTG-ACGGTCTT,L008,first-batch
148-152_ATAACGCC-TGAACCTG_L004,148-152,ATAACGCC-TGAACCTG,L004,first-batch
148-152_ATAACGCC-TGAACCTG_L007,148-152,ATAACGCC-TGAACCTG,L007,first-batch
148-152_ATAACGCC-TGAACCTG_L008,148-152,ATAACGCC-TGAACCTG,L008,first-batch
149-153_GCCTTAAC-AGCTCCTA_L004,149-153,GCCTTAAC-AGCTCCTA,L004,first-batch
149-153_GCCTTAAC-AGCTCCTA_L007,149-153,GCCTTAAC-AGCTCCTA,L007,first-batch
149-153_GCCTTAAC-AGCTCCTA_L008,149-153,GCCTTAAC-AGCTCCTA,L008,first-batch
150-154_GGTATAGG-CTGGAGTA_L004,150-154,GGTATAGG-CTGGAGTA,L004,first-batch
150-154_GGTATAGG-CTGGAGTA_L007,150-154,GGTATAGG-CTGGAGTA,L007,first-batch
150-154_GGTATAGG-CTGGAGTA_L008,150-154,GGTATAGG-CTGGAGTA,L008,first-batch
151-155_TCTAGGAG-AGGTCACT_L004,151-155,TCTAGGAG-AGGTCACT,L004,first-batch
151-155_TCTAGGAG-AGGTCACT_L007,151-155,TCTAGGAG-AGGTCACT,L007,first-batch
151-155_TCTAGGAG-AGGTCACT_L008,151-155,TCTAGGAG-AGGTCACT,L008,first-batch
152-156_TGCGTAAC-GATAGGCT_L004,152-156,TGCGTAAC-GATAGGCT,L004,first-batch
152-156_TGCGTAAC-GATAGGCT_L007,152-156,TGCGTAAC-GATAGGCT,L007,first-batch
152-156_TGCGTAAC-GATAGGCT_L008,152-156,TGCGTAAC-GATAGGCT,L008,first-batch
153-157_CTTGCTAG-GGAGATGA_L004,153-157,CTTGCTAG-GGAGATGA,L004,first-batch
153-157_CTTGCTAG-GGAGATGA_L007,153-157,CTTGCTAG-GGAGATGA,L007,first-batch
153-157_CTTGCTAG-GGAGATGA_L008,153-157,CTTGCTAG-GGAGATGA,L008,first-batch
154-158_AGCGAGAT-GATACTGG_L004,154-158,AGCGAGAT-GATACTGG,L004,first-batch
154-158_AGCGAGAT-GATACTGG_L007,154-158,AGCGAGAT-GATACTGG,L007,first-batch
154-158_AGCGAGAT-GATACTGG_L008,154-158,AGCGAGAT-GATACTGG,L008,first-batch
155-159_TATGGCAC-TCTCGCAA_L004,155-159,TATGGCAC-TCTCGCAA,L004,first-batch
155-159_TATGGCAC-TCTCGCAA_L007,155-159,TATGGCAC-TCTCGCAA,L007,first-batch
155-159_TATGGCAC-TCTCGCAA_L008,155-159,TATGGCAC-TCTCGCAA,L008,first-batch
156-160_GAATCACC-CTTCGTTC_L004,156-160,GAATCACC-CTTCGTTC,L004,first-batch
156-160_GAATCACC-CTTCGTTC_L007,156-160,GAATCACC-CTTCGTTC,L007,first-batch
156-160_GAATCACC-CTTCGTTC_L008,156-160,GAATCACC-CTTCGTTC,L008,first-batch
157-161_GTAAGGTG-GCAATTCG_L004,157-161,GTAAGGTG-GCAATTCG,L004,first-batch
157-161_GTAAGGTG-GCAATTCG_L007,157-161,GTAAGGTG-GCAATTCG,L007,first-batch
157-161_GTAAGGTG-GCAATTCG_L008,157-161,GTAAGGTG-GCAATTCG,L008,first-batch
158-162_CGAGAGAA-TCTCTTCC_L004,158-162,CGAGAGAA-TCTCTTCC,L004,first-batch
158-162_CGAGAGAA-TCTCTTCC_L007,158-162,CGAGAGAA-TCTCTTCC,L007,first-batch
158-162_CGAGAGAA-TCTCTTCC_L008,158-162,CGAGAGAA-TCTCTTCC,L008,first-batch
159-163_CGCAACTA-GAATCCGA_L004,159-163,CGCAACTA-GAATCCGA,L004,first-batch
159-163_CGCAACTA-GAATCCGA_L007,159-163,CGCAACTA-GAATCCGA,L007,first-batch
159-163_CGCAACTA-GAATCCGA_L008,159-163,CGCAACTA-GAATCCGA,L008,first-batch
160-164_CACAGACT-TGGTACAG_L004,160-164,CACAGACT-TGGTACAG,L004,first-batch
160-164_CACAGACT-TGGTACAG_L007,160-164,CACAGACT-TGGTACAG,L007,first-batch
160-164_CACAGACT-TGGTACAG_L008,160-164,CACAGACT-TGGTACAG,L008,first-batch
161-165_TGGAAGCA-GTACTCTC_L004,161-165,TGGAAGCA-GTACTCTC,L004,first-batch
161-165_TGGAAGCA-GTACTCTC_L007,161-165,TGGAAGCA-GTACTCTC,L007,first-batch
161-165_TGGAAGCA-GTACTCTC_L008,161-165,TGGAAGCA-GTACTCTC,L008,first-batch
162-166_CAATAGCC-TGCGTAGA_L004,162-166,CAATAGCC-TGCGTAGA,L004,first-batch
162-166_CAATAGCC-TGCGTAGA_L007,162-166,CAATAGCC-TGCGTAGA,L007,first-batch
162-166_CAATAGCC-TGCGTAGA_L008,162-166,CAATAGCC-TGCGTAGA,L008,first-batch
163-167_CTCGAACA-GGAATTGC_L004,163-167,CTCGAACA-GGAATTGC,L004,first-batch
163-167_CTCGAACA-GGAATTGC_L007,163-167,CTCGAACA-GGAATTGC,L007,first-batch
163-167_CTCGAACA-GGAATTGC_L008,163-167,CTCGAACA-GGAATTGC,L008,first-batch
164-168_GGCAAGTT-CTTCTGAG_L004,164-168,GGCAAGTT-CTTCTGAG,L004,first-batch
164-168_GGCAAGTT-CTTCTGAG_L007,164-168,GGCAAGTT-CTTCTGAG,L007,first-batch
164-168_GGCAAGTT-CTTCTGAG_L008,164-168,GGCAAGTT-CTTCTGAG,L008,first-batch
165-169_AGCTACCA-CTTAGGAC_L004,165-169,AGCTACCA-CTTAGGAC,L004,first-batch
165-169_AGCTACCA-CTTAGGAC_L007,165-169,AGCTACCA-CTTAGGAC,L007,first-batch
165-169_AGCTACCA-CTTAGGAC_L008,165-169,AGCTACCA-CTTAGGAC,L008,first-batch
166-170_CAGCATAC-TCTAACGC_L004,166-170,CAGCATAC-TCTAACGC,L004,first-batch
166-170_CAGCATAC-TCTAACGC_L007,166-170,CAGCATAC-TCTAACGC,L007,first-batch
166-170_CAGCATAC-TCTAACGC_L008,166-170,CAGCATAC-TCTAACGC,L008,first-batch
167-171_CGTATCTC-GTACCTTG_L004,167-171,CGTATCTC-GTACCTTG,L004,first-batch
167-171_CGTATCTC-GTACCTTG_L007,167-171,CGTATCTC-GTACCTTG,L007,first-batch
167-171_CGTATCTC-GTACCTTG_L008,167-171,CGTATCTC-GTACCTTG,L008,first-batch
168-172_TTACGTGC-CAAGGTCT_L004,168-172,TTACGTGC-CAAGGTCT,L004,first-batch
168-172_TTACGTGC-CAAGGTCT_L007,168-172,TTACGTGC-CAAGGTCT,L007,first-batch
168-172_TTACGTGC-CAAGGTCT_L008,168-172,TTACGTGC-CAAGGTCT,L008,first-batch
169-173_AGCTAAGC-GTAACGAC_L004,169-173,AGCTAAGC-GTAACGAC,L004,first-batch
169-173_AGCTAAGC-GTAACGAC_L007,169-173,AGCTAAGC-GTAACGAC,L007,first-batch
169-173_AGCTAAGC-GTAACGAC_L008,169-173,AGCTAAGC-GTAACGAC,L008,first-batch
